HIP,RAhms,DEdms,Vmag,RAICRS,DEICRS,Plx,pmRA,pmDE,e_Plx,B-V,Notes,_RA.icrs,_DE.icrs
89743,18 18 52.67,-13 49 42.6,9.34,274.71947795,-13.82850626,2.46,1.95,-0.86,2.12,0.267,,274.71948283,-13.82850835
89747,18 18 55.05,-13 32 28.7,7.91,274.72937380,-13.54130711,3.14,1.41,-13.26,1.22,1.760,,274.72937733,-13.54133934
89750,18 18 56.19,-13 48 31.1,8.94,274.73412241,-13.80863290,5.02,-2.77,0.53,2.75,0.400,D,274.73411548,-13.80863161
89753,18 18 58.69,-13 59 28.4,8.22,274.74454580,-13.99123310,0.34,0.20,0.05,1.36,0.333,,274.74454630,-13.99123298
